SampleID,Date,Time,ServerTime,SpotSymbol,FutureSymbol,SpotBid,SpotAsk,FutureBid,FutureAsk,SpotMid,FutureMid,Gap,GapBid,GapMid,SpotSpread,FutureSpread,SpotTickTime,FutureTickTime,TickAgeDifferenceSec,SyncStatus,CurrentSession
1,2026.06.29,14:00:27,2026.06.29 14:00:27,XAUUSD,GCQ26,4036.94,4037.02,4050.89,4051.63,4036.980,4051.260,13.950,13.950,14.280,0.08,0.74,2026.06.29 14:00:27,2026.06.29 14:00:27,0.122,SYNCED,Overlap
2,2026.06.29,14:00:28,2026.06.29 14:00:28,XAUUSD,GCQ26,4036.90,4036.99,4050.93,4051.67,4036.945,4051.300,14.030,14.030,14.355,0.09,0.74,2026.06.29 14:00:28,2026.06.29 14:00:28,0.135,SYNCED,Overlap
3,2026.06.29,14:00:29,2026.06.29 14:00:29,XAUUSD,GCQ26,4036.66,4036.74,4050.63,4051.37,4036.700,4051.000,13.970,13.970,14.300,0.08,0.74,2026.06.29 14:00:29,2026.06.29 14:00:28,0.182,SYNCED,Overlap
4,2026.06.29,14:00:30,2026.06.29 14:00:30,XAUUSD,GCQ26,4037.07,4037.15,4051.10,4051.84,4037.110,4051.470,14.030,14.030,14.360,0.08,0.74,2026.06.29 14:00:30,2026.06.29 14:00:30,0.113,SYNCED,Overlap
5,2026.06.29,14:00:31,2026.06.29 14:00:31,XAUUSD,GCQ26,4036.92,4037.01,4050.94,4051.68,4036.965,4051.310,14.020,14.020,14.345,0.09,0.74,2026.06.29 14:00:31,2026.06.29 14:00:31,0.014,SYNCED,Overlap
6,2026.06.29,14:00:32,2026.06.29 14:00:32,XAUUSD,GCQ26,4036.75,4036.85,4050.93,4051.67,4036.800,4051.300,14.180,14.180,14.500,0.10,0.74,2026.06.29 14:00:32,2026.06.29 14:00:32,0.088,SYNCED,Overlap
7,2026.06.29,14:00:33,2026.06.29 14:00:33,XAUUSD,GCQ26,4037.32,4037.42,4051.33,4052.07,4037.370,4051.700,14.010,14.010,14.330,0.10,0.74,2026.06.29 14:00:33,2026.06.29 14:00:33,0.115,SYNCED,Overlap
8,2026.06.29,14:00:34,2026.06.29 14:00:34,XAUUSD,GCQ26,4037.40,4037.50,4051.48,4052.22,4037.450,4051.850,14.080,14.080,14.400,0.10,0.74,2026.06.29 14:00:34,2026.06.29 14:00:33,0.289,SYNCED,Overlap
9,2026.06.29,14:00:35,2026.06.29 14:00:35,XAUUSD,GCQ26,4037.03,4037.13,4051.03,4051.77,4037.080,4051.400,14.000,14.000,14.320,0.10,0.74,2026.06.29 14:00:35,2026.06.29 14:00:35,0.009,SYNCED,Overlap
10,2026.06.29,14:00:36,2026.06.29 14:00:36,XAUUSD,GCQ26,4037.19,4037.29,4051.28,4052.02,4037.240,4051.650,14.090,14.090,14.410,0.10,0.74,2026.06.29 14:00:36,2026.06.29 14:00:36,0.112,SYNCED,Overlap
11,2026.06.29,14:00:37,2026.06.29 14:00:37,XAUUSD,GCQ26,4037.29,4037.39,4051.33,4052.07,4037.340,4051.700,14.040,14.040,14.360,0.10,0.74,2026.06.29 14:00:37,2026.06.29 14:00:37,0.102,SYNCED,Overlap
12,2026.06.29,14:00:38,2026.06.29 14:00:38,XAUUSD,GCQ26,4037.35,4037.45,4051.38,4052.12,4037.400,4051.750,14.030,14.030,14.350,0.10,0.74,2026.06.29 14:00:38,2026.06.29 14:00:37,0.501,SYNCED,Overlap
13,2026.06.29,14:00:39,2026.06.29 14:00:39,XAUUSD,GCQ26,4037.31,4037.41,4051.28,4052.02,4037.360,4051.650,13.970,13.970,14.290,0.10,0.74,2026.06.29 14:00:38,2026.06.29 14:00:39,0.387,SYNCED,Overlap
14,2026.06.29,14:00:40,2026.06.29 14:00:40,XAUUSD,GCQ26,4037.21,4037.30,4051.13,4051.87,4037.255,4051.500,13.920,13.920,14.245,0.09,0.74,2026.06.29 14:00:40,2026.06.29 14:00:40,0.017,SYNCED,Overlap
15,2026.06.29,14:00:41,2026.06.29 14:00:41,XAUUSD,GCQ26,4037.23,4037.32,4051.28,4052.02,4037.275,4051.650,14.050,14.050,14.375,0.09,0.74,2026.06.29 14:00:41,2026.06.29 14:00:40,0.567,SYNCED,Overlap
16,2026.06.29,14:00:43,2026.06.29 14:00:43,XAUUSD,GCQ26,4037.37,4037.45,4051.38,4052.12,4037.410,4051.750,14.010,14.010,14.340,0.08,0.74,2026.06.29 14:00:43,2026.06.29 14:00:43,0.001,SYNCED,Overlap
17,2026.06.29,14:00:44,2026.06.29 14:00:44,XAUUSD,GCQ26,4037.38,4037.46,4051.38,4052.12,4037.420,4051.750,14.000,14.000,14.330,0.08,0.74,2026.06.29 14:00:44,2026.06.29 14:00:43,0.999,SYNCED,Overlap
18,2026.06.29,14:00:45,2026.06.29 14:00:45,XAUUSD,GCQ26,4037.38,4037.45,4051.38,4052.12,4037.415,4051.750,14.000,14.000,14.335,0.07,0.74,2026.06.29 14:00:45,2026.06.29 14:00:43,1.803,SYNCED,Overlap
19,2026.06.29,14:00:46,2026.06.29 14:00:46,XAUUSD,GCQ26,4037.38,4037.45,4051.40,4052.14,4037.415,4051.770,14.020,14.020,14.355,0.07,0.74,2026.06.29 14:00:45,2026.06.29 14:00:46,1.284,SYNCED,Overlap
20,2026.06.29,14:00:47,2026.06.29 14:00:47,XAUUSD,GCQ26,4037.32,4037.38,4051.34,4052.08,4037.350,4051.710,14.020,14.020,14.360,0.06,0.74,2026.06.29 14:00:47,2026.06.29 14:00:47,0.065,SYNCED,Overlap
21,2026.06.29,14:00:48,2026.06.29 14:00:48,XAUUSD,GCQ26,4036.93,4036.99,4050.88,4051.62,4036.960,4051.250,13.950,13.950,14.290,0.06,0.74,2026.06.29 14:00:47,2026.06.29 14:00:47,0.337,SYNCED,Overlap
22,2026.06.29,14:00:49,2026.06.29 14:00:49,XAUUSD,GCQ26,4036.89,4036.98,4050.88,4051.62,4036.935,4051.250,13.990,13.990,14.315,0.09,0.74,2026.06.29 14:00:49,2026.06.29 14:00:49,0.039,SYNCED,Overlap
23,2026.06.29,14:00:50,2026.06.29 14:00:50,XAUUSD,GCQ26,4036.97,4037.05,4050.93,4051.67,4037.010,4051.300,13.960,13.960,14.290,0.08,0.74,2026.06.29 14:00:50,2026.06.29 14:00:50,0.133,SYNCED,Overlap
24,2026.06.29,14:00:51,2026.06.29 14:00:51,XAUUSD,GCQ26,4036.95,4037.04,4050.96,4051.70,4036.995,4051.330,14.010,14.010,14.335,0.09,0.74,2026.06.29 14:00:51,2026.06.29 14:00:51,0.095,SYNCED,Overlap
25,2026.06.29,14:00:52,2026.06.29 14:00:52,XAUUSD,GCQ26,4036.95,4037.04,4050.98,4051.72,4036.995,4051.350,14.030,14.030,14.355,0.09,0.74,2026.06.29 14:00:51,2026.06.29 14:00:51,0.482,SYNCED,Overlap
26,2026.06.29,14:00:53,2026.06.29 14:00:53,XAUUSD,GCQ26,4037.02,4037.09,4050.98,4051.72,4037.055,4051.350,13.960,13.960,14.295,0.07,0.74,2026.06.29 14:00:53,2026.06.29 14:00:51,1.328,SYNCED,Overlap
27,2026.06.29,14:00:54,2026.06.29 14:00:54,XAUUSD,GCQ26,4036.92,4036.99,4050.86,4051.60,4036.955,4051.230,13.940,13.940,14.275,0.07,0.74,2026.06.29 14:00:54,2026.06.29 14:00:54,0.023,SYNCED,Overlap
28,2026.06.29,14:00:55,2026.06.29 14:00:55,XAUUSD,GCQ26,4036.92,4036.98,4050.88,4051.62,4036.950,4051.250,13.960,13.960,14.300,0.06,0.74,2026.06.29 14:00:55,2026.06.29 14:00:54,0.419,SYNCED,Overlap
29,2026.06.29,14:00:56,2026.06.29 14:00:56,XAUUSD,GCQ26,4036.91,4036.97,4050.90,4051.64,4036.940,4051.270,13.990,13.990,14.330,0.06,0.74,2026.06.29 14:00:55,2026.06.29 14:00:56,0.499,SYNCED,Overlap
30,2026.06.29,14:00:57,2026.06.29 14:00:57,XAUUSD,GCQ26,4036.92,4036.97,4050.90,4051.64,4036.945,4051.270,13.980,13.980,14.325,0.05,0.74,2026.06.29 14:00:57,2026.06.29 14:00:56,0.913,SYNCED,Overlap
31,2026.06.29,14:00:58,2026.06.29 14:00:58,XAUUSD,GCQ26,4036.90,4036.97,4050.89,4051.63,4036.935,4051.260,13.990,13.990,14.325,0.07,0.74,2026.06.29 14:00:57,2026.06.29 14:00:58,0.173,SYNCED,Overlap
32,2026.06.29,14:00:59,2026.06.29 14:00:59,XAUUSD,GCQ26,4036.78,4036.85,4050.78,4051.52,4036.815,4051.150,14.000,14.000,14.335,0.07,0.74,2026.06.29 14:00:59,2026.06.29 14:00:59,0.136,SYNCED,Overlap
33,2026.06.29,14:01:00,2026.06.29 14:01:00,XAUUSD,GCQ26,4037.13,4037.19,4050.98,4051.72,4037.160,4051.350,13.850,13.850,14.190,0.06,0.74,2026.06.29 14:01:00,2026.06.29 14:01:00,0.130,SYNCED,Overlap
34,2026.06.29,14:01:01,2026.06.29 14:01:01,XAUUSD,GCQ26,4037.10,4037.19,4051.05,4051.79,4037.145,4051.420,13.950,13.950,14.275,0.09,0.74,2026.06.29 14:01:01,2026.06.29 14:01:01,0.183,SYNCED,Overlap
35,2026.06.29,14:01:02,2026.06.29 14:01:02,XAUUSD,GCQ26,4036.96,4037.03,4050.85,4051.59,4036.995,4051.220,13.890,13.890,14.225,0.07,0.74,2026.06.29 14:01:02,2026.06.29 14:01:02,0.092,SYNCED,Overlap
36,2026.06.29,14:01:03,2026.06.29 14:01:03,XAUUSD,GCQ26,4036.93,4037.01,4050.86,4051.60,4036.970,4051.230,13.930,13.930,14.260,0.08,0.74,2026.06.29 14:01:03,2026.06.29 14:01:03,0.058,SYNCED,Overlap
37,2026.06.29,14:01:04,2026.06.29 14:01:04,XAUUSD,GCQ26,4036.79,4036.86,4050.63,4051.37,4036.825,4051.000,13.840,13.840,14.175,0.07,0.74,2026.06.29 14:01:04,2026.06.29 14:01:04,0.169,SYNCED,Overlap
38,2026.06.29,14:01:05,2026.06.29 14:01:05,XAUUSD,GCQ26,4036.46,4036.54,4050.39,4051.13,4036.500,4050.760,13.930,13.930,14.260,0.08,0.74,2026.06.29 14:01:05,2026.06.29 14:01:04,0.228,SYNCED,Overlap
39,2026.06.29,14:01:06,2026.06.29 14:01:06,XAUUSD,GCQ26,4036.35,4036.43,4050.33,4051.07,4036.390,4050.700,13.980,13.980,14.310,0.08,0.74,2026.06.29 14:01:06,2026.06.29 14:01:06,0.017,SYNCED,Overlap
40,2026.06.29,14:01:07,2026.06.29 14:01:07,XAUUSD,GCQ26,4036.13,4036.22,4050.05,4050.79,4036.175,4050.420,13.920,13.920,14.245,0.09,0.74,2026.06.29 14:01:07,2026.06.29 14:01:07,0.088,SYNCED,Overlap
41,2026.06.29,14:01:08,2026.06.29 14:01:08,XAUUSD,GCQ26,4035.79,4035.89,4049.75,4050.49,4035.840,4050.120,13.960,13.960,14.280,0.10,0.74,2026.06.29 14:01:08,2026.06.29 14:01:08,0.040,SYNCED,Overlap
42,2026.06.29,14:01:09,2026.06.29 14:01:09,XAUUSD,GCQ26,4035.42,4035.51,4049.40,4050.14,4035.465,4049.770,13.980,13.980,14.305,0.09,0.74,2026.06.29 14:01:09,2026.06.29 14:01:09,0.077,SYNCED,Overlap
43,2026.06.29,14:01:10,2026.06.29 14:01:10,XAUUSD,GCQ26,4035.67,4035.77,4049.65,4050.39,4035.720,4050.020,13.980,13.980,14.300,0.10,0.74,2026.06.29 14:01:10,2026.06.29 14:01:09,0.329,SYNCED,Overlap
44,2026.06.29,14:01:11,2026.06.29 14:01:11,XAUUSD,GCQ26,4035.47,4035.55,4049.43,4050.17,4035.510,4049.800,13.960,13.960,14.290,0.08,0.74,2026.06.29 14:01:11,2026.06.29 14:01:11,0.064,SYNCED,Overlap
45,2026.06.29,14:01:12,2026.06.29 14:01:12,XAUUSD,GCQ26,4035.42,4035.52,4049.39,4050.13,4035.470,4049.760,13.970,13.970,14.290,0.10,0.74,2026.06.29 14:01:11,2026.06.29 14:01:11,0.231,SYNCED,Overlap
46,2026.06.29,14:01:13,2026.06.29 14:01:13,XAUUSD,GCQ26,4035.83,4035.91,4049.83,4050.57,4035.870,4050.200,14.000,14.000,14.330,0.08,0.74,2026.06.29 14:01:13,2026.06.29 14:01:13,0.217,SYNCED,Overlap
47,2026.06.29,14:01:14,2026.06.29 14:01:14,XAUUSD,GCQ26,4035.64,4035.74,4049.59,4050.33,4035.690,4049.960,13.950,13.950,14.270,0.10,0.74,2026.06.29 14:01:14,2026.06.29 14:01:13,0.181,SYNCED,Overlap
48,2026.06.29,14:01:15,2026.06.29 14:01:15,XAUUSD,GCQ26,4035.47,4035.57,4049.39,4050.13,4035.520,4049.760,13.920,13.920,14.240,0.10,0.74,2026.06.29 14:01:15,2026.06.29 14:01:14,0.162,SYNCED,Overlap
49,2026.06.29,14:01:16,2026.06.29 14:01:16,XAUUSD,GCQ26,4035.49,4035.58,4049.48,4050.22,4035.535,4049.850,13.990,13.990,14.315,0.09,0.74,2026.06.29 14:01:16,2026.06.29 14:01:16,0.079,SYNCED,Overlap
50,2026.06.29,14:01:17,2026.06.29 14:01:17,XAUUSD,GCQ26,4035.47,4035.56,4049.40,4050.14,4035.515,4049.770,13.930,13.930,14.255,0.09,0.74,2026.06.29 14:01:17,2026.06.29 14:01:17,0.007,SYNCED,Overlap
